{
    "tilde": {
        "width": 24,
        "height": 24,
        "d":
            "M2,15C2,15 2,9 8,9C12,9 12.5,12.5 15.5,12.5C19.5,12.5 19.5,9 19.5,9H22C22,9 22,15 16,15C12,15 10.5,11.5 8.5,11.5C4.5,11.5 4.5,15 4.5,15H2"
    },
    "diff": {
        "width": 896,
        "height": 1024,
        "d":
            "M448 256H320v128H192v128h128v128h128V512h128V384H448V256zM192 896h384V768H192V896zM640 0H128v64h480l224 224v608h64V256L640 0zM0 128v896h768V320L576 128H0zM704 960H64V192h480l160 160V960z"
    },
    "progress": {
        "width": 1894,
        "height": 1894,
        "d":
            "m 448,1088 c -53.3333,0 -98.6667,-18.6667 -136,-56 -37.3333,-37.3333 -56,-82.6667 -56,-136 0,-53.3333 18.6667,-98.6667 56,-136 37.3333,-37.3333 82.6667,-56 136,-56 40,0 76.6667,11.6667 110,35 33.3333,23.3333 57,54.3333 71,93 h 651 V 960 H 629 c -14,38.6667 -37.6667,69.6667 -71,93 -33.3333,23.3333 -70,35 -110,35 z m 0,128 c 51.3333,0 99.3333,-11.3333 144,-34 44.6667,-22.6667 82,-54 112,-94 h 768 c 53.3333,0 98.6667,-18.6667 136,-56 37.3333,-37.3333 56,-82.6667 56,-136 0,-53.3333 -18.6667,-98.6667 -56,-136 -37.3333,-37.3333 -82.6667,-56 -136,-56 H 704 C 674,664 636.6667,632.6667 592,610 547.3333,587.3333 499.3333,576 448,576 359.3333,576 283.8333,607.1667 221.5,669.5 159.1667,731.8333 128,807.3333 128,896 c 0,88.6667 31.1667,164.1667 93.5,226.5 62.3333,62.3333 137.8333,93.5 226.5,93.5 z m 0,128 C 324.6667,1344 219.1667,1300.1667 131.5,1212.5 43.8333,1124.8333 0,1019.3333 0,896 0,772.6667 43.8333,667.1667 131.5,579.5 219.1667,491.83333 324.6667,448 448,448 c 121.3333,0 225.6667,42.66667 313,128 h 711 c 88.6667,0 164.1667,31.1667 226.5,93.5 62.3333,62.3333 93.5,137.8333 93.5,226.5 0,88.6667 -31.1667,164.1667 -93.5,226.5 -62.3333,62.3333 -137.8333,93.5 -226.5,93.5 H 761 c -87.3333,85.3333 -191.6667,128 -313,128 z"
    },
    "snippet": {
        "width": 1536,
        "height": 1350,
        "d":
            "M1442 98c24 8 53 29 66 42 10 10 28 34 28 68v992c0 27-9 49-28 68s-42 32-68 28l-336-46-336 100-512-142-130 76c-11 6-63 19-98-16a92 92 0 01-28-68V216c0-27 9-49 28-68s39-31 68-50L256 0l513 138 337-100zM256 138l-116 88s-12 5-12 24v918l128-88 512 142 336-100 304 46V242c0-13-12-16-12-16l-290-46-337 100-513-142m128 388c0-9 3-17 9-23s14-9 23-9h704c9 0 17 3 23 9s9 14 9 23v64c0 9-3 17-9 23s-14 9-23 9H416c-9 0-17-3-23-9s-9-14-9-23zm736 224c9 0 17 3 23 9s9 14 9 23v64c0 9-3 17-9 23s-14 9-23 9H416c-9 0-17-3-23-9s-9-14-9-23v-64c0-9 3-17 9-23s14-9 23-9z"
    }
}
